Series Name,Series Code,Country Name,Country Code,1990 [YR1990],2000 [YR2000],2011 [YR2011],2012 [YR2012],2013 [YR2013],2014 [YR2014],2015 [YR2015],2016 [YR2016],2017 [YR2017],2018 [YR2018],2019 [YR2019],2020 [YR2020]
Research and development expenditure (% of GDP),GB.XPD.RSDV.GD.ZS,Afghanistan,AFG,..,..,..,..,..,..,..,..,..,..,..,..
Research and development expenditure (% of GDP),GB.XPD.RSDV.GD.ZS,Albania,ALB,..,..,..,..,..,..,..,..,..,..,..,..
Research and development expenditure (% of GDP),GB.XPD.RSDV.GD.ZS,Algeria,DZA,..,..,..,..,..,..,..,..,0.54243,..,..,..
Research and development expenditure (% of GDP),GB.XPD.RSDV.GD.ZS,American Samoa,ASM,..,..,..,..,..,..,..,..,..,..,..,..
Research and development expenditure (% of GDP),GB.XPD.RSDV.GD.ZS,Andorra,AND,..,..,..,..,..,..,..,..,..,..,..,..
Research and development expenditure (% of GDP),GB.XPD.RSDV.GD.ZS,Angola,AGO,..,..,..,..,..,..,..,0.03229,..,..,..,..
Research and development expenditure (% of GDP),GB.XPD.RSDV.GD.ZS,Antigua and Barbuda,ATG,..,..,..,..,..,..,..,..,..,..,..,..
Research and development expenditure (% of GDP),GB.XPD.RSDV.GD.ZS,Argentina,ARG,..,0.43884,0.56597,0.63491,0.61849,0.59396,0.62262,0.55815,0.54152,..,..,..
Research and development expenditure (% of GDP),GB.XPD.RSDV.GD.ZS,Armenia,ARM,..,0.19106,0.27014,0.23853,0.22216,0.24151,0.25002,0.23305,0.22788,0.18913,..,..
Research and development expenditure (% of GDP),GB.XPD.RSDV.GD.ZS,Aruba,ABW,..,..,..,..,..,..,..,..,..,..,..,..
Research and development expenditure (% of GDP),GB.XPD.RSDV.GD.ZS,Australia,AUS,..,1.57558,2.23765,..,2.1787,..,1.91943,..,1.87372,..,..,..
Research and development expenditure (% of GDP),GB.XPD.RSDV.GD.ZS,Austria,AUT,..,1.88602,2.66868,2.91472,2.95492,3.08429,3.04979,3.12588,3.05212,3.17177,..,..
Research and development expenditure (% of GDP),GB.XPD.RSDV.GD.ZS,Azerbaijan,AZE,..,0.336,0.21084,0.21427,0.20969,0.20978,0.22232,0.20637,0.18468,0.18484,..,..
Research and development expenditure (% of GDP),GB.XPD.RSDV.GD.ZS,"Bahamas, The",BHS,..,..,..,..,..,..,..,..,..,..,..,..
Research and development expenditure (% of GDP),GB.XPD.RSDV.GD.ZS,Bahrain,BHR,..,..,..,..,..,0.10116,..,..,..,..,..,..
Research and development expenditure (% of GDP),GB.XPD.RSDV.GD.ZS,Bangladesh,BGD,..,..,..,..,..,..,..,..,..,..,..,..
Research and development expenditure (% of GDP),GB.XPD.RSDV.GD.ZS,Barbados,BRB,..,..,..,..,..,..,..,..,..,..,..,..
Research and development expenditure (% of GDP),GB.XPD.RSDV.GD.ZS,Belarus,BLR,..,0.7221,0.6776,0.64603,0.65191,0.50548,0.49999,0.50063,0.58411,0.60817,..,..
Research and development expenditure (% of GDP),GB.XPD.RSDV.GD.ZS,Belgium,BEL,..,1.92236,2.15533,2.27334,2.33393,2.38729,2.46123,2.55595,2.70234,2.82119,..,..
Research and development expenditure (% of GDP),GB.XPD.RSDV.GD.ZS,Belize,BLZ,..,..,..,..,..,..,..,..,..,..,..,..
Research and development expenditure (% of GDP),GB.XPD.RSDV.GD.ZS,Benin,BEN,..,..,..,..,..,..,..,..,..,..,..,..
Research and development expenditure (% of GDP),GB.XPD.RSDV.GD.ZS,Bermuda,BMU,..,..,0.29487,0.26754,0.22474,0.21586,0.22036,..,..,0.25998,..,..
Research and development expenditure (% of GDP),GB.XPD.RSDV.GD.ZS,Bhutan,BTN,..,..,..,..,..,..,..,..,..,..,..,..
Research and development expenditure (% of GDP),GB.XPD.RSDV.GD.ZS,Bolivia,BOL,..,0.28744,..,..,..,..,..,..,..,..,..,..
Research and development expenditure (% of GDP),GB.XPD.RSDV.GD.ZS,Bosnia and Herzegovina,BIH,..,..,..,0.26533,0.32132,0.25725,0.2186,0.21594,0.20048,0.1988,..,..
Research and development expenditure (% of GDP),GB.XPD.RSDV.GD.ZS,Botswana,BWA,..,..,..,0.2588,0.53728,..,..,..,..,..,..,..
Research and development expenditure (% of GDP),GB.XPD.RSDV.GD.ZS,Brazil,BRA,..,1.04751,1.13966,1.12684,1.19567,1.27131,1.34264,1.26417,1.26326,..,..,..
Research and development expenditure (% of GDP),GB.XPD.RSDV.GD.ZS,British Virgin Islands,VGB,..,..,..,..,..,..,..,..,..,..,..,..
Research and development expenditure (% of GDP),GB.XPD.RSDV.GD.ZS,Brunei Darussalam,BRN,..,..,..,..,..,..,..,..,..,0.27764,..,..
Research and development expenditure (% of GDP),GB.XPD.RSDV.GD.ZS,Bulgaria,BGR,..,0.49866,0.53191,0.60479,0.63724,0.79377,0.96015,0.78006,0.75239,0.76803,..,..
Research and development expenditure (% of GDP),GB.XPD.RSDV.GD.ZS,Burkina Faso,BFA,..,..,..,..,..,0.22183,..,..,0.70072,..,..,..
Research and development expenditure (% of GDP),GB.XPD.RSDV.GD.ZS,Burundi,BDI,..,..,..,0.10702,..,..,..,..,..,0.21028,..,..
Research and development expenditure (% of GDP),GB.XPD.RSDV.GD.ZS,Cabo Verde,CPV,..,..,0.07264,..,..,..,..,..,..,..,..,..
Research and development expenditure (% of GDP),GB.XPD.RSDV.GD.ZS,Cambodia,KHM,..,..,..,..,..,..,0.11823,..,..,..,..,..
Research and development expenditure (% of GDP),GB.XPD.RSDV.GD.ZS,Cameroon,CMR,..,..,..,..,..,..,..,..,..,..,..,..
Research and development expenditure (% of GDP),GB.XPD.RSDV.GD.ZS,Canada,CAN,..,1.86469,1.79132,1.7766,1.70964,1.71824,1.69718,1.73019,1.67165,1.56625,..,..
Research and development expenditure (% of GDP),GB.XPD.RSDV.GD.ZS,Cayman Islands,CYM,..,..,..,..,..,..,..,..,..,..,..,..
Research and development expenditure (% of GDP),GB.XPD.RSDV.GD.ZS,Central African Republic,CAF,..,..,..,..,..,..,..,..,..,..,..,..
Research and development expenditure (% of GDP),GB.XPD.RSDV.GD.ZS,Chad,TCD,..,..,..,..,..,..,..,0.3005,..,..,..,..
Research and development expenditure (% of GDP),GB.XPD.RSDV.GD.ZS,Channel Islands,CHI,..,..,..,..,..,..,..,..,..,..,..,..
Research and development expenditure (% of GDP),GB.XPD.RSDV.GD.ZS,Chile,CHL,..,..,0.35144,0.3622,0.3887,0.37503,0.38073,0.36949,0.35518,..,..,..
Research and development expenditure (% of GDP),GB.XPD.RSDV.GD.ZS,China,CHN,..,0.89316,1.78034,1.91214,1.99786,2.02963,2.0656,2.11831,2.14512,2.18568,..,..
Research and development expenditure (% of GDP),GB.XPD.RSDV.GD.ZS,Colombia,COL,..,0.12999,0.20625,0.234,0.27128,0.30563,0.28975,0.26694,0.24294,0.23699,..,..
Research and development expenditure (% of GDP),GB.XPD.RSDV.GD.ZS,Comoros,COM,..,..,..,..,..,..,..,..,..,..,..,..
Research and development expenditure (% of GDP),GB.XPD.RSDV.GD.ZS,"Congo, Dem. Rep.",COD,..,..,..,..,..,..,0.40638,..,..,..,..,..
Research and development expenditure (% of GDP),GB.XPD.RSDV.GD.ZS,"Congo, Rep.",COG,..,..,..,..,..,..,..,..,..,..,..,..
Research and development expenditure (% of GDP),GB.XPD.RSDV.GD.ZS,Costa Rica,CRI,..,0.41311,0.46782,0.55606,0.55567,0.57209,0.44993,0.42926,0.42336,..,..,..
Research and development expenditure (% of GDP),GB.XPD.RSDV.GD.ZS,Cote d'Ivoire,CIV,..,..,..,..,..,..,..,0.0956,..,..,..,..
Research and development expenditure (% of GDP),GB.XPD.RSDV.GD.ZS,Croatia,HRV,..,1.0441,0.75041,0.75029,0.81016,0.78252,0.84027,0.8627,0.8645,0.97489,..,..
Research and development expenditure (% of GDP),GB.XPD.RSDV.GD.ZS,Cuba,CUB,..,0.47865,0.27192,0.40716,0.47467,0.41596,0.42854,0.34223,0.43066,..,..,..
Research and development expenditure (% of GDP),GB.XPD.RSDV.GD.ZS,Curacao,CUW,..,..,..,..,..,..,..,..,..,..,..,..
Research and development expenditure (% of GDP),GB.XPD.RSDV.GD.ZS,Cyprus,CYP,..,0.2269,0.45554,0.43778,0.48218,0.50835,0.48059,0.53442,0.56092,0.55859,..,..
Research and development expenditure (% of GDP),GB.XPD.RSDV.GD.ZS,Czech Republic,CZE,..,1.11319,1.55571,1.78231,1.89973,1.97285,1.92923,1.68015,1.79079,1.92829,..,..
Research and development expenditure (% of GDP),GB.XPD.RSDV.GD.ZS,Denmark,DNK,..,..,2.94465,2.98125,2.97048,2.91409,3.05497,3.10401,3.046,3.06408,..,..
Research and development expenditure (% of GDP),GB.XPD.RSDV.GD.ZS,Djibouti,DJI,..,..,..,..,..,..,..,..,..,..,..,..
Research and development expenditure (% of GDP),GB.XPD.RSDV.GD.ZS,Dominica,DMA,..,..,..,..,..,..,..,..,..,..,..,..
Research and development expenditure (% of GDP),GB.XPD.RSDV.GD.ZS,Dominican Republic,DOM,..,..,..,..,..,..,..,..,..,..,..,..
Research and development expenditure (% of GDP),GB.XPD.RSDV.GD.ZS,Ecuador,ECU,..,..,0.33991,0.33236,0.3799,0.44266,..,..,..,..,..,..
Research and development expenditure (% of GDP),GB.XPD.RSDV.GD.ZS,"Egypt, Arab Rep.",EGY,..,0.19247,0.53154,0.50899,0.63895,0.63649,0.71858,0.70848,0.67941,0.72388,..,..
Research and development expenditure (% of GDP),GB.XPD.RSDV.GD.ZS,El Salvador,SLV,..,..,0.0355,0.03397,0.06387,0.09377,0.14348,0.14515,0.18115,..,..,..
Research and development expenditure (% of GDP),GB.XPD.RSDV.GD.ZS,Equatorial Guinea,GNQ,..,..,..,..,..,..,..,..,..,..,..,..
Research and development expenditure (% of GDP),GB.XPD.RSDV.GD.ZS,Eritrea,ERI,..,..,..,..,..,..,..,..,..,..,..,..
Research and development expenditure (% of GDP),GB.XPD.RSDV.GD.ZS,Estonia,EST,..,0.60009,2.30655,2.12265,1.72216,1.42931,1.46604,1.2468,1.28867,1.42515,..,..
Research and development expenditure (% of GDP),GB.XPD.RSDV.GD.ZS,Eswatini,SWZ,..,..,..,..,..,..,0.27013,..,..,..,..,..
Research and development expenditure (% of GDP),GB.XPD.RSDV.GD.ZS,Ethiopia,ETH,..,..,..,..,0.60474,..,..,..,0.27441,..,..,..
Research and development expenditure (% of GDP),GB.XPD.RSDV.GD.ZS,Faroe Islands,FRO,..,..,..,..,..,..,..,..,..,..,..,..
Research and development expenditure (% of GDP),GB.XPD.RSDV.GD.ZS,Fiji,FJI,..,..,..,..,..,..,..,..,..,..,..,..
Research and development expenditure (% of GDP),GB.XPD.RSDV.GD.ZS,Finland,FIN,..,3.24569,3.63881,3.41948,3.28719,3.16931,2.89157,2.74264,2.7569,2.77381,..,..
Research and development expenditure (% of GDP),GB.XPD.RSDV.GD.ZS,France,FRA,..,2.09346,2.19161,2.22707,2.23703,2.27592,2.26703,2.22238,2.20557,2.20002,..,..
Research and development expenditure (% of GDP),GB.XPD.RSDV.GD.ZS,French Polynesia,PYF,..,..,..,..,..,..,..,..,..,..,..,..
Research and development expenditure (% of GDP),GB.XPD.RSDV.GD.ZS,Gabon,GAB,..,..,..,..,..,..,..,..,..,..,..,..
Research and development expenditure (% of GDP),GB.XPD.RSDV.GD.ZS,"Gambia, The",GMB,..,..,0.13308,..,..,..,..,..,..,0.0713,..,..
Research and development expenditure (% of GDP),GB.XPD.RSDV.GD.ZS,Georgia,GEO,..,0.2153,..,..,0.08367,0.1849,0.31982,0.30104,0.29104,0.30457,..,..
Research and development expenditure (% of GDP),GB.XPD.RSDV.GD.ZS,Germany,DEU,..,2.4014,2.79562,2.86813,2.82105,2.86691,2.91197,2.91712,3.03763,3.09415,..,..
Research and development expenditure (% of GDP),GB.XPD.RSDV.GD.ZS,Ghana,GHA,..,..,..,..,..,..,..,..,..,..,..,..
Research and development expenditure (% of GDP),GB.XPD.RSDV.GD.ZS,Gibraltar,GIB,..,..,..,..,..,..,..,..,..,..,..,..
Research and development expenditure (% of GDP),GB.XPD.RSDV.GD.ZS,Greece,GRC,..,..,0.67196,0.69957,0.81131,0.8333,0.96121,0.99394,1.13109,1.17732,..,..
Research and development expenditure (% of GDP),GB.XPD.RSDV.GD.ZS,Greenland,GRL,..,..,..,..,..,..,..,..,..,..,..,..
Research and development expenditure (% of GDP),GB.XPD.RSDV.GD.ZS,Grenada,GRD,..,..,..,..,..,..,..,..,..,..,..,..
Research and development expenditure (% of GDP),GB.XPD.RSDV.GD.ZS,Guam,GUM,..,..,..,..,..,..,..,..,..,..,..,..
Research and development expenditure (% of GDP),GB.XPD.RSDV.GD.ZS,Guatemala,GTM,..,..,0.04814,0.04471,0.03854,0.02905,0.02988,0.02224,0.028,..,..,..
Research and development expenditure (% of GDP),GB.XPD.RSDV.GD.ZS,Guinea,GIN,..,..,..,..,..,..,..,..,..,..,..,..
Research and development expenditure (% of GDP),GB.XPD.RSDV.GD.ZS,Guinea-Bissau,GNB,..,..,..,..,..,..,..,..,..,..,..,..
Research and development expenditure (% of GDP),GB.XPD.RSDV.GD.ZS,Guyana,GUY,..,..,..,..,..,..,..,..,..,..,..,..
Research and development expenditure (% of GDP),GB.XPD.RSDV.GD.ZS,Haiti,HTI,..,..,..,..,..,..,..,..,..,..,..,..
Research and development expenditure (% of GDP),GB.XPD.RSDV.GD.ZS,Honduras,HND,..,0.04453,..,..,..,..,0.01497,..,0.04,..,..,..
Research and development expenditure (% of GDP),GB.XPD.RSDV.GD.ZS,"Hong Kong SAR, China",HKG,..,0.46493,0.72086,0.72733,0.73017,0.74014,0.76183,0.79149,0.79925,0.86096,..,..
Research and development expenditure (% of GDP),GB.XPD.RSDV.GD.ZS,Hungary,HUN,..,0.78942,1.18897,1.26362,1.38884,1.35373,1.36245,1.20423,1.3486,1.55484,..,..
Research and development expenditure (% of GDP),GB.XPD.RSDV.GD.ZS,Iceland,ISL,..,2.5783,2.41367,..,1.70204,1.94811,2.20315,2.11766,2.10444,2.02994,..,..
Research and development expenditure (% of GDP),GB.XPD.RSDV.GD.ZS,India,IND,..,0.75699,0.75502,0.74399,0.70642,0.70159,0.6931,0.67111,0.66584,0.64998,..,..
Research and development expenditure (% of GDP),GB.XPD.RSDV.GD.ZS,Indonesia,IDN,..,0.06769,..,..,0.0847,..,..,0.24535,0.2381,0.22634,..,..
Research and development expenditure (% of GDP),GB.XPD.RSDV.GD.ZS,"Iran, Islamic Rep.",IRN,..,..,..,0.31655,0.25267,..,0.41763,..,0.83027,..,..,..
Research and development expenditure (% of GDP),GB.XPD.RSDV.GD.ZS,Iraq,IRQ,..,..,0.03476,..,..,0.03733,0.03775,0.03658,0.04455,0.04306,..,..
Research and development expenditure (% of GDP),GB.XPD.RSDV.GD.ZS,Ireland,IRL,..,1.08497,1.56058,1.56119,1.5658,1.52307,1.18267,1.16892,..,1.14647,..,..
Research and development expenditure (% of GDP),GB.XPD.RSDV.GD.ZS,Isle of Man,IMN,..,..,..,..,..,..,..,..,..,..,..,..
Research and development expenditure (% of GDP),GB.XPD.RSDV.GD.ZS,Israel,ISR,..,3.93624,4.01151,4.15735,4.09218,4.16793,4.25592,4.50574,4.81602,4.95278,..,..
Research and development expenditure (% of GDP),GB.XPD.RSDV.GD.ZS,Italy,ITA,..,1.00546,1.20984,1.27087,1.30768,1.34301,1.34115,1.37124,1.37744,1.39909,..,..
Research and development expenditure (% of GDP),GB.XPD.RSDV.GD.ZS,Jamaica,JAM,..,..,..,..,..,..,..,..,..,..,..,..
Research and development expenditure (% of GDP),GB.XPD.RSDV.GD.ZS,Japan,JPN,..,2.90569,3.24477,3.20908,3.31496,3.40022,3.28165,3.15522,3.21254,3.26451,..,..
Research and development expenditure (% of GDP),GB.XPD.RSDV.GD.ZS,Jordan,JOR,..,..,..,..,..,..,..,0.7078,..,..,..,..
Research and development expenditure (% of GDP),GB.XPD.RSDV.GD.ZS,Kazakhstan,KAZ,..,0.18104,0.15349,0.16525,0.17132,0.16722,0.16951,0.14179,0.12972,0.12286,..,..
Research and development expenditure (% of GDP),GB.XPD.RSDV.GD.ZS,Kenya,KEN,..,..,..,..,..,..,..,..,..,..,..,..
Research and development expenditure (% of GDP),GB.XPD.RSDV.GD.ZS,Kiribati,KIR,..,..,..,..,..,..,..,..,..,..,..,..
Research and development expenditure (% of GDP),GB.XPD.RSDV.GD.ZS,"Korea, Dem. People’s Rep.",PRK,..,..,..,..,..,..,..,..,..,..,..,..
Research and development expenditure (% of GDP),GB.XPD.RSDV.GD.ZS,"Korea, Rep.",KOR,..,2.18023,3.74361,4.02554,4.14853,4.28874,4.21702,4.22744,4.55324,4.81009,..,..
Research and development expenditure (% of GDP),GB.XPD.RSDV.GD.ZS,Kosovo,XKX,..,..,..,..,..,..,..,..,..,..,..,..
Research and development expenditure (% of GDP),GB.XPD.RSDV.GD.ZS,Kuwait,KWT,..,0.12543,0.09898,0.09721,0.30153,0.42705,0.0966,0.07985,0.08118,0.06192,..,..
Research and development expenditure (% of GDP),GB.XPD.RSDV.GD.ZS,Kyrgyz Republic,KGZ,..,0.15637,0.15633,0.1661,0.14914,0.12536,0.11903,0.11121,0.10707,..,..,..
Research and development expenditure (% of GDP),GB.XPD.RSDV.GD.ZS,Lao PDR,LAO,..,..,..,..,..,..,..,..,..,..,..,..
Research and development expenditure (% of GDP),GB.XPD.RSDV.GD.ZS,Latvia,LVA,..,0.43598,0.69662,0.66424,0.6122,0.6893,0.62623,0.44094,0.51012,0.63068,..,..
Research and development expenditure (% of GDP),GB.XPD.RSDV.GD.ZS,Lebanon,LBN,..,..,..,..,..,..,..,..,..,..,..,..
Research and development expenditure (% of GDP),GB.XPD.RSDV.GD.ZS,Lesotho,LSO,..,..,0.01161,..,..,..,0.04795,..,..,..,..,..
Research and development expenditure (% of GDP),GB.XPD.RSDV.GD.ZS,Liberia,LBR,..,..,..,..,..,..,..,..,..,..,..,..
Research and development expenditure (% of GDP),GB.XPD.RSDV.GD.ZS,Libya,LBY,..,..,..,..,..,..,..,..,..,..,..,..
Research and development expenditure (% of GDP),GB.XPD.RSDV.GD.ZS,Liechtenstein,LIE,..,..,..,..,..,..,..,..,..,..,..,..
Research and development expenditure (% of GDP),GB.XPD.RSDV.GD.ZS,Lithuania,LTU,..,0.5848,0.9039,0.89469,0.95088,1.03048,1.04095,0.84329,0.89808,0.94496,..,..
Research and development expenditure (% of GDP),GB.XPD.RSDV.GD.ZS,Luxembourg,LUX,..,1.57673,1.46277,1.27267,1.30266,1.26404,1.28405,1.29524,1.30327,1.23562,..,..
Research and development expenditure (% of GDP),GB.XPD.RSDV.GD.ZS,"Macao SAR, China",MAC,..,..,0.04444,0.04807,0.05115,0.08705,0.13554,0.23361,0.1715,0.20351,..,..
Research and development expenditure (% of GDP),GB.XPD.RSDV.GD.ZS,Madagascar,MDG,..,0.11976,0.10588,..,..,0.0155,..,0.01504,0.01465,..,..,..
Research and development expenditure (% of GDP),GB.XPD.RSDV.GD.ZS,Malawi,MWI,..,..,..,..,..,..,..,..,..,..,..,..
Research and development expenditure (% of GDP),GB.XPD.RSDV.GD.ZS,Malaysia,MYS,..,0.46899,1.03342,1.09269,..,1.26275,1.2998,1.43665,..,..,..,..
Research and development expenditure (% of GDP),GB.XPD.RSDV.GD.ZS,Maldives,MDV,..,..,..,..,..,..,..,..,..,..,..,..
Research and development expenditure (% of GDP),GB.XPD.RSDV.GD.ZS,Mali,MLI,..,..,..,..,..,..,0.31462,..,0.29175,..,..,..
Research and development expenditure (% of GDP),GB.XPD.RSDV.GD.ZS,Malta,MLT,..,..,0.6738,0.82618,0.77238,0.71197,0.74085,0.56749,0.58275,0.57462,..,..
Research and development expenditure (% of GDP),GB.XPD.RSDV.GD.ZS,Marshall Islands,MHL,..,..,..,..,..,..,..,..,..,..,..,..
Research and development expenditure (% of GDP),GB.XPD.RSDV.GD.ZS,Mauritania,MRT,..,..,..,..,..,..,..,..,..,0.01419,..,..
Research and development expenditure (% of GDP),GB.XPD.RSDV.GD.ZS,Mauritius,MUS,..,0.28402,..,0.17773,..,..,..,..,0.36636,0.34597,..,..
Research and development expenditure (% of GDP),GB.XPD.RSDV.GD.ZS,Mexico,MEX,..,0.30613,0.47129,0.42096,0.42503,0.43549,0.42986,0.38801,0.32829,0.31223,..,..
Research and development expenditure (% of GDP),GB.XPD.RSDV.GD.ZS,"Micronesia, Fed. Sts.",FSM,..,..,..,..,..,..,..,..,..,..,..,..
Research and development expenditure (% of GDP),GB.XPD.RSDV.GD.ZS,Moldova,MDA,..,..,0.33764,0.34907,0.29783,0.31105,0.30943,0.2769,0.25374,0.25498,..,..
Research and development expenditure (% of GDP),GB.XPD.RSDV.GD.ZS,Monaco,MCO,..,..,..,..,..,..,..,..,..,..,..,..
Research and development expenditure (% of GDP),GB.XPD.RSDV.GD.ZS,Mongolia,MNG,..,0.18757,0.23054,0.23913,0.23246,0.2234,0.15468,0.18337,0.13475,0.10293,..,..
Research and development expenditure (% of GDP),GB.XPD.RSDV.GD.ZS,Montenegro,MNE,..,..,0.31485,..,0.37431,0.3632,0.374,0.32454,0.34898,0.36763,..,..
Research and development expenditure (% of GDP),GB.XPD.RSDV.GD.ZS,Morocco,MAR,..,..,..,..,..,..,..,..,..,..,..,..
Research and development expenditure (% of GDP),GB.XPD.RSDV.GD.ZS,Mozambique,MOZ,..,..,..,..,..,..,0.33751,..,..,..,..,..
Research and development expenditure (% of GDP),GB.XPD.RSDV.GD.ZS,Myanmar,MMR,..,0.11306,..,..,..,..,..,..,0.03186,..,..,..
Research and development expenditure (% of GDP),GB.XPD.RSDV.GD.ZS,Namibia,NAM,..,..,..,..,..,0.33996,..,..,..,..,..,..
Research and development expenditure (% of GDP),GB.XPD.RSDV.GD.ZS,Nauru,NRU,..,..,..,..,..,..,..,..,..,..,..,..
Research and development expenditure (% of GDP),GB.XPD.RSDV.GD.ZS,Nepal,NPL,..,..,..,..,..,..,..,..,..,..,..,..
Research and development expenditure (% of GDP),GB.XPD.RSDV.GD.ZS,Netherlands,NLD,..,1.7898,1.88131,1.91627,1.92987,1.97568,1.98487,1.99685,1.98308,2.16374,..,..
Research and development expenditure (% of GDP),GB.XPD.RSDV.GD.ZS,New Caledonia,NCL,..,..,..,..,..,..,..,..,..,..,..,..
Research and development expenditure (% of GDP),GB.XPD.RSDV.GD.ZS,New Zealand,NZL,..,..,1.231,..,1.15412,..,1.2341,..,1.3657,..,..,..
Research and development expenditure (% of GDP),GB.XPD.RSDV.GD.ZS,Nicaragua,NIC,..,..,0.08344,0.10449,0.10284,0.08935,0.10742,..,..,..,..,..
Research and development expenditure (% of GDP),GB.XPD.RSDV.GD.ZS,Niger,NER,..,..,..,..,..,..,..,..,..,..,..,..
Research and development expenditure (% of GDP),GB.XPD.RSDV.GD.ZS,Nigeria,NGA,..,..,..,..,..,..,..,..,..,..,..,..
Research and development expenditure (% of GDP),GB.XPD.RSDV.GD.ZS,North Macedonia,MKD,..,0.41888,0.22276,0.32676,0.43894,0.51646,0.44412,0.43585,0.35525,0.36398,..,..
Research and development expenditure (% of GDP),GB.XPD.RSDV.GD.ZS,Northern Mariana Islands,MNP,..,..,..,..,..,..,..,..,..,..,..,..
Research and development expenditure (% of GDP),GB.XPD.RSDV.GD.ZS,Norway,NOR,..,..,1.62534,1.61858,1.65004,1.71187,1.93095,2.03074,2.09343,2.06985,..,..
Research and development expenditure (% of GDP),GB.XPD.RSDV.GD.ZS,Oman,OMN,..,..,0.13645,0.20837,0.16956,0.21253,0.24972,0.25853,0.2276,0.21961,..,..
Research and development expenditure (% of GDP),GB.XPD.RSDV.GD.ZS,Pakistan,PAK,..,0.12828,0.32917,..,0.29285,..,0.24605,..,0.23597,..,..,..
Research and development expenditure (% of GDP),GB.XPD.RSDV.GD.ZS,Palau,PLW,..,..,..,..,..,..,..,..,..,..,..,..
Research and development expenditure (% of GDP),GB.XPD.RSDV.GD.ZS,Panama,PAN,..,0.36264,0.17304,0.07534,0.06206,0.14052,0.12033,0.14481,0.14699,..,..,..
Research and development expenditure (% of GDP),GB.XPD.RSDV.GD.ZS,Papua New Guinea,PNG,..,..,..,..,..,..,..,0.03158,..,..,..,..
Research and development expenditure (% of GDP),GB.XPD.RSDV.GD.ZS,Paraguay,PRY,..,..,0.04221,0.06515,..,0.07921,0.09687,0.11688,0.14883,..,..,..
Research and development expenditure (% of GDP),GB.XPD.RSDV.GD.ZS,Peru,PER,..,0.11266,0.08282,0.0553,0.08174,0.10794,0.11705,0.12007,0.12101,0.12704,..,..
Research and development expenditure (% of GDP),GB.XPD.RSDV.GD.ZS,Philippines,PHL,..,..,0.11726,..,0.13793,..,0.16415,..,..,..,..,..
Research and development expenditure (% of GDP),GB.XPD.RSDV.GD.ZS,Poland,POL,..,0.64202,0.74588,0.88086,0.87053,0.93978,1.00325,0.9641,1.03445,1.21228,..,..
Research and development expenditure (% of GDP),GB.XPD.RSDV.GD.ZS,Portugal,PRT,..,0.72127,1.45683,1.37777,1.32641,1.28973,1.24263,1.28081,1.32833,1.36552,..,..
Research and development expenditure (% of GDP),GB.XPD.RSDV.GD.ZS,Puerto Rico,PRI,..,..,..,..,0.43859,..,0.42883,..,..,..,..,..
Research and development expenditure (% of GDP),GB.XPD.RSDV.GD.ZS,Qatar,QAT,..,..,..,0.4786,..,..,0.51883,..,..,0.50729,..,..
Research and development expenditure (% of GDP),GB.XPD.RSDV.GD.ZS,Romania,ROU,..,0.36626,0.49832,0.48383,0.38787,0.38225,0.48793,0.48033,0.5039,0.5051,..,..
Research and development expenditure (% of GDP),GB.XPD.RSDV.GD.ZS,Russian Federation,RUS,..,1.04983,1.01261,1.02675,1.02524,1.07203,1.10076,1.09728,1.10656,0.98988,..,..
Research and development expenditure (% of GDP),GB.XPD.RSDV.GD.ZS,Rwanda,RWA,..,..,..,..,..,..,..,0.66627,..,..,..,..
Research and development expenditure (% of GDP),GB.XPD.RSDV.GD.ZS,Samoa,WSM,..,..,..,..,..,..,..,..,..,..,..,..
Research and development expenditure (% of GDP),GB.XPD.RSDV.GD.ZS,San Marino,SMR,..,..,..,..,..,..,..,..,..,..,..,..
Research and development expenditure (% of GDP),GB.XPD.RSDV.GD.ZS,Sao Tome and Principe,STP,..,..,..,..,..,..,..,..,..,..,..,..
Research and development expenditure (% of GDP),GB.XPD.RSDV.GD.ZS,Saudi Arabia,SAU,..,..,0.89784,0.87684,0.81516,..,..,..,..,..,..,..
Research and development expenditure (% of GDP),GB.XPD.RSDV.GD.ZS,Senegal,SEN,..,..,..,..,..,..,0.5772,..,..,..,..,..
Research and development expenditure (% of GDP),GB.XPD.RSDV.GD.ZS,Serbia,SRB,..,0.89807,0.68334,0.85316,0.68367,0.72309,0.81146,0.83951,0.87353,0.92132,..,..
Research and development expenditure (% of GDP),GB.XPD.RSDV.GD.ZS,Seychelles,SYC,..,..,..,..,..,..,..,0.22162,..,..,..,..
Research and development expenditure (% of GDP),GB.XPD.RSDV.GD.ZS,Sierra Leone,SLE,..,..,..,..,..,..,..,..,..,..,..,..
Research and development expenditure (% of GDP),GB.XPD.RSDV.GD.ZS,Singapore,SGP,..,1.81699,2.07065,1.91939,1.92335,2.08464,2.18198,2.0801,1.94431,..,..,..
Research and development expenditure (% of GDP),GB.XPD.RSDV.GD.ZS,Sint Maarten (Dutch part),SXM,..,..,..,..,..,..,..,..,..,..,..,..
Research and development expenditure (% of GDP),GB.XPD.RSDV.GD.ZS,Slovak Republic,SVK,..,0.63927,0.66326,0.80495,0.82362,0.88008,1.17171,0.78895,0.88267,0.83252,..,..
Research and development expenditure (% of GDP),GB.XPD.RSDV.GD.ZS,Slovenia,SVN,..,1.3563,2.42358,2.57319,2.5801,2.36743,2.19504,2.01191,1.86581,1.94221,..,..
Research and development expenditure (% of GDP),GB.XPD.RSDV.GD.ZS,Solomon Islands,SLB,..,..,..,..,..,..,..,..,..,..,..,..
Research and development expenditure (% of GDP),GB.XPD.RSDV.GD.ZS,Somalia,SOM,..,..,..,..,..,..,..,..,..,..,..,..
Research and development expenditure (% of GDP),GB.XPD.RSDV.GD.ZS,South Africa,ZAF,..,..,0.73451,0.73363,0.72488,0.77115,0.79846,0.81882,0.83215,..,..,..
Research and development expenditure (% of GDP),GB.XPD.RSDV.GD.ZS,South Sudan,SSD,..,..,..,..,..,..,..,..,..,..,..,..
Research and development expenditure (% of GDP),GB.XPD.RSDV.GD.ZS,Spain,ESP,..,0.88495,1.32508,1.28788,1.26859,1.23535,1.21832,1.18526,1.2058,1.237,..,..
Research and development expenditure (% of GDP),GB.XPD.RSDV.GD.ZS,Sri Lanka,LKA,..,0.14392,..,..,0.10081,0.09989,0.10871,..,..,..,..,..
Research and development expenditure (% of GDP),GB.XPD.RSDV.GD.ZS,St. Kitts and Nevis,KNA,..,..,..,..,..,..,..,..,..,..,..,..
Research and development expenditure (% of GDP),GB.XPD.RSDV.GD.ZS,St. Lucia,LCA,..,..,..,..,..,..,..,..,..,..,..,..
Research and development expenditure (% of GDP),GB.XPD.RSDV.GD.ZS,St. Martin (French part),MAF,..,..,..,..,..,..,..,..,..,..,..,..
Research and development expenditure (% of GDP),GB.XPD.RSDV.GD.ZS,St. Vincent and the Grenadines,VCT,..,..,..,..,..,..,..,..,..,..,..,..
Research and development expenditure (% of GDP),GB.XPD.RSDV.GD.ZS,Sudan,SDN,..,0.47277,..,..,..,..,..,..,..,..,..,..
Research and development expenditure (% of GDP),GB.XPD.RSDV.GD.ZS,Suriname,SUR,..,..,..,..,..,..,..,..,..,..,..,..
Research and development expenditure (% of GDP),GB.XPD.RSDV.GD.ZS,Sweden,SWE,..,..,3.24522,3.27772,3.30252,3.14261,3.26418,3.26923,3.39676,3.33937,..,..
Research and development expenditure (% of GDP),GB.XPD.RSDV.GD.ZS,Switzerland,CHE,..,2.32344,..,3.18623,..,..,3.3716,..,3.37286,..,..,..
Research and development expenditure (% of GDP),GB.XPD.RSDV.GD.ZS,Syrian Arab Republic,SYR,..,..,..,..,..,..,0.02053,..,..,..,..,..
Research and development expenditure (% of GDP),GB.XPD.RSDV.GD.ZS,Tajikistan,TJK,..,..,0.12148,0.11432,0.11851,0.11624,0.10888,0.10683,0.11536,0.09703,..,..
Research and development expenditure (% of GDP),GB.XPD.RSDV.GD.ZS,Tanzania,TZA,..,..,..,..,0.51456,..,..,..,..,..,..,..
Research and development expenditure (% of GDP),GB.XPD.RSDV.GD.ZS,Thailand,THA,..,0.24471,0.36146,..,0.44164,0.47988,0.61609,0.7802,1.00403,..,..,..
Research and development expenditure (% of GDP),GB.XPD.RSDV.GD.ZS,Timor-Leste,TLS,..,..,..,..,..,..,..,..,..,..,..,..
Research and development expenditure (% of GDP),GB.XPD.RSDV.GD.ZS,Togo,TGO,..,..,..,0.22324,..,0.26654,..,..,..,..,..,..
Research and development expenditure (% of GDP),GB.XPD.RSDV.GD.ZS,Tonga,TON,..,..,..,..,..,..,..,..,..,..,..,..
Research and development expenditure (% of GDP),GB.XPD.RSDV.GD.ZS,Trinidad and Tobago,TTO,..,0.108,0.04024,0.04377,0.057,0.08213,0.08602,0.0941,0.09204,..,..,..
Research and development expenditure (% of GDP),GB.XPD.RSDV.GD.ZS,Tunisia,TUN,..,..,0.70863,0.68206,0.67071,0.65423,0.62967,0.60353,..,0.59997,..,..
Research and development expenditure (% of GDP),GB.XPD.RSDV.GD.ZS,Turkey,TUR,..,0.46783,0.79988,0.83217,0.81821,0.86077,0.8815,0.94464,0.96105,..,..,..
Research and development expenditure (% of GDP),GB.XPD.RSDV.GD.ZS,Turkmenistan,TKM,..,..,..,..,..,..,..,..,..,..,..,..
Research and development expenditure (% of GDP),GB.XPD.RSDV.GD.ZS,Turks and Caicos Islands,TCA,..,..,..,..,..,..,..,..,..,..,..,..
Research and development expenditure (% of GDP),GB.XPD.RSDV.GD.ZS,Tuvalu,TUV,..,..,..,..,..,..,..,..,..,..,..,..
Research and development expenditure (% of GDP),GB.XPD.RSDV.GD.ZS,Uganda,UGA,..,..,..,..,..,0.17043,..,..,..,..,..,..
Research and development expenditure (% of GDP),GB.XPD.RSDV.GD.ZS,Ukraine,UKR,..,0.96213,0.7378,0.75167,0.76175,0.65034,0.61477,0.48339,0.44839,0.47134,..,..
Research and development expenditure (% of GDP),GB.XPD.RSDV.GD.ZS,United Arab Emirates,ARE,..,..,0.48622,..,..,0.6936,0.89504,0.96366,..,1.30316,..,..
Research and development expenditure (% of GDP),GB.XPD.RSDV.GD.ZS,United Kingdom,GBR,..,1.62649,1.66488,1.59382,1.63938,1.65915,1.66818,1.68211,1.69829,1.72412,..,..
Research and development expenditure (% of GDP),GB.XPD.RSDV.GD.ZS,United States,USA,..,2.62879,2.76525,2.68166,2.70972,2.71924,2.71742,2.76145,2.81741,2.83766,..,..
Research and development expenditure (% of GDP),GB.XPD.RSDV.GD.ZS,Uruguay,URY,..,0.20925,0.3487,0.3276,0.32113,0.33579,0.36446,0.40845,0.48393,..,..,..
Research and development expenditure (% of GDP),GB.XPD.RSDV.GD.ZS,Uzbekistan,UZB,..,0.36063,0.19499,0.2021,0.19662,0.16172,0.17373,0.18156,0.15566,0.12976,..,..
Research and development expenditure (% of GDP),GB.XPD.RSDV.GD.ZS,Vanuatu,VUT,..,..,..,..,..,..,..,..,..,..,..,..
Research and development expenditure (% of GDP),GB.XPD.RSDV.GD.ZS,"Venezuela, RB",VEN,..,..,0.15296,0.2501,0.31853,0.33713,..,..,..,..,..,..
Research and development expenditure (% of GDP),GB.XPD.RSDV.GD.ZS,Vietnam,VNM,..,..,0.19044,..,0.37359,..,0.44113,..,0.52674,..,..,..
Research and development expenditure (% of GDP),GB.XPD.RSDV.GD.ZS,Virgin Islands (U.S.),VIR,..,..,..,..,..,..,..,..,..,..,..,..
Research and development expenditure (% of GDP),GB.XPD.RSDV.GD.ZS,West Bank and Gaza,PSE,..,..,..,..,0.4922,..,..,..,..,..,..,..
Research and development expenditure (% of GDP),GB.XPD.RSDV.GD.ZS,"Yemen, Rep.",YEM,..,..,..,..,..,..,..,..,..,..,..,..
Research and development expenditure (% of GDP),GB.XPD.RSDV.GD.ZS,Zambia,ZMB,..,..,..,..,..,..,..,..,..,..,..,..
Research and development expenditure (% of GDP),GB.XPD.RSDV.GD.ZS,Zimbabwe,ZWE,..,..,..,..,..,..,..,..,..,..,..,..
Research and development expenditure (% of GDP),GB.XPD.RSDV.GD.ZS,Arab World,ARB,..,..,0.562220473472143,..,..,..,..,..,..,..,..,..
Research and development expenditure (% of GDP),GB.XPD.RSDV.GD.ZS,Caribbean small states,CSS,..,..,..,..,..,..,..,..,..,..,..,..
Research and development expenditure (% of GDP),GB.XPD.RSDV.GD.ZS,Central Europe and the Baltics,CEB,..,0.745972328172827,0.960882749726984,1.05999109521429,1.06387868767146,1.09037274986886,1.14675086019236,1.02725278813475,1.09058860270374,1.20617668776128,..,..
Research and development expenditure (% of GDP),GB.XPD.RSDV.GD.ZS,Early-demographic dividend,EAR,..,0.606654978830919,0.723183976277726,0.71380748148936,0.628979892669204,..,0.725929361314875,0.738266282261323,0.716435542634527,..,..,..
Research and development expenditure (% of GDP),GB.XPD.RSDV.GD.ZS,East Asia & Pacific,EAS,..,2.2617142644022,2.35406999296311,2.50710701416971,2.30140018796755,2.50262313888941,2.3568580130995,2.37685267163045,2.36259187760594,2.51153748553335,..,..
Research and development expenditure (% of GDP),GB.XPD.RSDV.GD.ZS,East Asia & Pacific (excluding high income),EAP,..,0.727772156173001,1.62106407846236,1.88073268114093,1.71395298715203,1.94838849859152,1.92189470527028,1.91935207559882,1.9329796224832,2.04725977573328,..,..
Research and development expenditure (% of GDP),GB.XPD.RSDV.GD.ZS,East Asia & Pacific (IDA & IBRD countries),TEA,..,0.727772156173001,1.62106407846236,1.88073268114093,1.71395298715203,1.94838849859152,1.92189470527028,1.91935207559882,1.9329796224832,2.04725977573328,..,..
Research and development expenditure (% of GDP),GB.XPD.RSDV.GD.ZS,Euro area,EMU,..,1.80672577240261,2.03933283630536,2.09495004705657,2.09935886545047,2.13450131674966,2.13251950516671,2.12768007900153,2.19537296342889,2.21013766159138,..,..
Research and development expenditure (% of GDP),GB.XPD.RSDV.GD.ZS,Europe & Central Asia,ECS,..,1.67582814303776,1.78433639560285,1.83724170540337,1.8003648964665,1.83935526130073,1.91847093250503,1.88260565033564,1.96941093702023,1.97732093150357,..,..
Research and development expenditure (% of GDP),GB.XPD.RSDV.GD.ZS,Europe & Central Asia (excluding high income),ECA,..,0.7216839820488,0.848220761702992,0.86741963724913,0.853479001151366,0.876259070446756,0.875312844278122,0.893994151584659,0.913392779185902,0.814693515540793,..,..
Research and development expenditure (% of GDP),GB.XPD.RSDV.GD.ZS,Europe & Central Asia (IDA & IBRD countries),TEC,..,0.698887257182246,0.819651347068632,0.853066733495794,0.836473594298234,0.861027326557993,0.872662992255585,0.880498010297068,0.90672767239195,0.866869077258768,..,..
Research and development expenditure (% of GDP),GB.XPD.RSDV.GD.ZS,European Union,EUU,..,1.75014946000053,2.01641654426089,2.07681314968718,2.08260415644925,2.10670164353153,2.11487610608751,2.10537359049592,2.16727345344296,2.1843027129187,..,..
Research and development expenditure (% of GDP),GB.XPD.RSDV.GD.ZS,Fragile and conflict affected situations,FCS,..,..,..,..,..,..,..,..,..,..,..,..
Research and development expenditure (% of GDP),GB.XPD.RSDV.GD.ZS,Heavily indebted poor countries (HIPC),HPC,..,..,..,..,..,..,..,..,..,..,..,..
Research and development expenditure (% of GDP),GB.XPD.RSDV.GD.ZS,High income,HIC,..,2.32099168635611,2.3926393691738,2.41526954164301,2.40314333560554,2.45640529393971,2.45417915068068,2.49601968800785,2.55481845398157,2.59013220370693,..,..
Research and development expenditure (% of GDP),GB.XPD.RSDV.GD.ZS,IBRD only,IBD,..,0.65497684542964,1.10095187772489,1.19117684727782,1.18329024822964,1.30058529944189,1.3630360764802,1.38120069513608,1.37796256155224,1.55004047039501,..,..
Research and development expenditure (% of GDP),GB.XPD.RSDV.GD.ZS,IDA & IBRD total,IBT,..,0.642724401794846,1.08912443135421,1.18690400994688,1.16917766387137,1.2928279790677,1.33966335983442,1.3713312297854,1.3525694939359,1.5457381823497,..,..
Research and development expenditure (% of GDP),GB.XPD.RSDV.GD.ZS,IDA blend,IDB,..,..,..,..,..,..,..,..,..,..,..,..
Research and development expenditure (% of GDP),GB.XPD.RSDV.GD.ZS,IDA only,IDX,..,..,..,..,..,..,..,..,..,..,..,..
Research and development expenditure (% of GDP),GB.XPD.RSDV.GD.ZS,IDA total,IDA,..,..,..,..,..,..,..,..,..,..,..,..
Research and development expenditure (% of GDP),GB.XPD.RSDV.GD.ZS,Late-demographic dividend,LTE,..,0.825616349198744,1.29560533220897,1.43202564702641,1.47822547213851,1.54268922370095,1.61836255814667,1.69480583216361,1.72794431600016,1.85154403478483,..,..
Research and development expenditure (% of GDP),GB.XPD.RSDV.GD.ZS,Latin America & Caribbean,LCN,..,0.567629060988903,0.714487282195939,0.687446648220903,0.717794054422195,0.743174929398312,0.753465545309071,0.720283065365352,0.713237606669918,..,..,..
Research and development expenditure (% of GDP),GB.XPD.RSDV.GD.ZS,Latin America & Caribbean (excluding high income),LAC,..,0.575396893186999,0.741092629647499,0.714207933323907,0.752129708331953,0.772432941546843,0.798568157509878,0.7565306779503,0.747697398355294,..,..,..
Research and development expenditure (% of GDP),GB.XPD.RSDV.GD.ZS,Latin America & the Caribbean (IDA & IBRD countries),TLA,..,0.569081187472356,0.719803474636727,0.690986282460398,0.725830601439883,0.74754288774151,0.766803377502466,0.728005176565231,0.718682062395318,..,..,..
Research and development expenditure (% of GDP),GB.XPD.RSDV.GD.ZS,Least developed countries: UN classification,LDC,..,..,..,..,..,..,..,..,..,..,..,..
Research and development expenditure (% of GDP),GB.XPD.RSDV.GD.ZS,Low & middle income,LMY,..,0.646080424941367,1.11511138378718,1.21459051165543,1.19410627752972,1.32286999401875,1.3671553561076,1.40132812672463,1.38027832772126,1.56811531216084,..,..
Research and development expenditure (% of GDP),GB.XPD.RSDV.GD.ZS,Low income,LIC,..,..,..,..,..,..,..,..,..,..,..,..
Research and development expenditure (% of GDP),GB.XPD.RSDV.GD.ZS,Lower middle income,LMC,..,..,0.6056516286698,..,0.570666345645266,..,0.558986008967122,..,0.584111459916355,..,..,..
Research and development expenditure (% of GDP),GB.XPD.RSDV.GD.ZS,Middle East & North Africa,MEA,..,..,..,0.933950451678014,..,..,..,..,..,..,..,..
Research and development expenditure (% of GDP),GB.XPD.RSDV.GD.ZS,Middle East & North Africa (excluding high income),MNA,..,..,..,..,..,..,0.461319463641611,..,0.602768151307015,..,..,..
Research and development expenditure (% of GDP),GB.XPD.RSDV.GD.ZS,Middle East & North Africa (IDA & IBRD countries),TMN,..,..,..,..,..,..,0.461319463641611,..,0.602768151307015,..,..,..
Research and development expenditure (% of GDP),GB.XPD.RSDV.GD.ZS,Middle income,MIC,..,0.647034783513819,1.116061530943,1.21528567170626,1.19562947467183,1.32644051644785,1.37044984044619,1.40318405495691,1.38576813288716,1.56890877734563,..,..
Research and development expenditure (% of GDP),GB.XPD.RSDV.GD.ZS,North America,NAC,..,2.57720232461944,2.66387388618662,2.58902111689773,2.60974300473179,2.6250484011398,2.63634642799501,2.68359591543116,2.72811227289907,2.73899024009597,..,..
Research and development expenditure (% of GDP),GB.XPD.RSDV.GD.ZS,Not classified,INX,..,..,..,..,..,..,..,..,..,..,..,..
Research and development expenditure (% of GDP),GB.XPD.RSDV.GD.ZS,OECD members,OED,..,2.26535055288126,2.37591970713488,2.3927846232529,2.37523975558164,2.41379936107537,2.42556342384868,2.45952034822284,2.50836138224509,2.57850682217836,..,..
Research and development expenditure (% of GDP),GB.XPD.RSDV.GD.ZS,Other small states,OSS,..,..,..,..,..,..,..,..,..,0.706519754639672,..,..
Research and development expenditure (% of GDP),GB.XPD.RSDV.GD.ZS,Pacific island small states,PSS,..,..,..,..,..,..,..,..,..,..,..,..
Research and development expenditure (% of GDP),GB.XPD.RSDV.GD.ZS,Post-demographic dividend,PST,..,2.33682234618866,2.4722798298961,2.49099108596534,2.47473312582226,2.51710236701284,2.51833572233895,2.54975865743092,2.58598534910713,2.63921224471578,..,..
Research and development expenditure (% of GDP),GB.XPD.RSDV.GD.ZS,Pre-demographic dividend,PRE,..,..,..,..,..,..,..,..,..,..,..,..
Research and development expenditure (% of GDP),GB.XPD.RSDV.GD.ZS,Small states,SST,..,..,..,..,..,..,..,..,..,..,..,..
Research and development expenditure (% of GDP),GB.XPD.RSDV.GD.ZS,South Asia,SAS,..,0.648338893686146,0.710360022130269,0.74399,0.641380288067393,0.679050873808814,0.624638253468107,0.67111,0.621568754650504,0.64998,..,..
Research and development expenditure (% of GDP),GB.XPD.RSDV.GD.ZS,South Asia (IDA & IBRD),TSA,..,0.648338893686146,0.710360022130269,0.74399,0.641380288067393,0.679050873808814,0.624638253468107,0.67111,0.621568754650504,0.64998,..,..
Research and development expenditure (% of GDP),GB.XPD.RSDV.GD.ZS,Sub-Saharan Africa,SSF,..,..,..,..,..,..,..,..,..,..,..,..
Research and development expenditure (% of GDP),GB.XPD.RSDV.GD.ZS,Sub-Saharan Africa (excluding high income),SSA,..,..,..,..,..,..,..,..,..,..,..,..
Research and development expenditure (% of GDP),GB.XPD.RSDV.GD.ZS,Sub-Saharan Africa (IDA & IBRD countries),TSS,..,..,..,..,..,..,..,..,..,..,..,..
Research and development expenditure (% of GDP),GB.XPD.RSDV.GD.ZS,Upper middle income,UMC,..,0.659900808131786,1.20221204464739,1.28374332125418,1.29425238510507,1.41519386815606,1.520513838074,1.5238594918083,1.52619723727649,1.72635555238825,..,..
Research and development expenditure (% of GDP),GB.XPD.RSDV.GD.ZS,World,WLD,..,2.06002023725782,2.00719609153187,2.03710018471191,1.99465343388314,2.07391792642185,2.09294094718413,2.1266606493965,2.14456955795891,2.27413943454635,..,..
,,,,,,,,,,,,,,,
,,,,,,,,,,,,,,,
,,,,,,,,,,,,,,,
Data from database: World Development Indicators,,,,,,,,,,,,,,,
Last Updated: 02/17/2021,,,,,,,,,,,,,,,
